,index,Тема,Описание,Тип оборудования,Точка отказа,Серийный номер,recommendation,is_full
0,100,Неисправность ноутбука Сила,"Добрый день!
Ноутбук СИЛА НК2-3404 - NTB48553 (S/N: C223090502)
Описание неисправности – вышла из строя матрица. В нижней части экрана полосы и мерцание. На ноутбуке нет следов физического воздействия, скорее всего неисправность аппаратная.
",сервер,Материнская плата,Уточнить,"Перезагрузите сервер и убедитесь, что все кабели и модули подключены правильно. Если сервер перегревается, проверьте систему охлаждения и убедитесь, что вентиляция свободна от пыли. Для более серьезных проблем с материнской платой лучше обратиться к специалисту.",0.0
1,57,Ноутбук СИЛА HK1-1425/i5-1135G7/2*8G/m.2 256G/B3Y/ инв. № 525325/ С111080029,"не рабочий HDMI (повторная поломка HDMI, ранее была  Заявка IBS-8588 )",ноутбук,Оперативная память,C111080029,"Выключите ноутбук и снова включите его, чтобы освободить память. Если проблема остаётся, возможно, нужно заменить оперативную память.",1.0
2,193,Обновление BIOS и BMC Cube,"Добрый день!_x000D_
Если были обновления этих компонентов, прошу предоставить для скачивания._x000D_
И появился ли у вас какой-то портал с прошивками и инструкциями по оборудованию Сила?",ноутбук,Консультация,Уточнить,,0.0
3,134,Просьба открыть заявку по неисправному диску:  dd401..ru - Disk 3.23 SN: ZC1BYZ1X,"Добрый день!
Просьба открыть заявку по неисправному диску:
 dd401.ru - Disk 3.23 SN: ZC1BYZ1X 
@dd401-p0(active:0)# alerts show current
Id       Post Time                  Severity   Class             Object                         Message
------   ------------------------   --------   ---------------   ----------------------------   ------------------------------------------------------------------------
p0-477   Fri Nov 24 04:35:09 2023   CRITICAL   HardwareFailure   Enclosure=1:DIMM=MR1 DIMM A0   EVT-DIMM-00003: A memory card has failed
m0-72    Tue Jun 11 03:24:39 2024   CRITICAL   HardwareFailure   Enclosure=3:Disk=23            EVT-STORAGE-00002: Unable to access a disk and the disk state is failed.
------   ------------------------   --------   ---------------   ----------------------------   ------------------------------------------------------------------------
There are 2 active alerts.
@dd401-p0(active:0)# system show serial
Serial number: CKM00194300973
@dd401-p0(active:0)# enclosure show summary
Enclosure   Model No.   Serial No.       State    OEM Name   OEM Value   Capacity
---------   ---------   --------------   ------   --------   ---------   --------
1           DD9800      NVT10193400034   Online                          4 Slots
2           DS60        FCNCD191700080   Online                          60 Slots
3           DS60        FCNCD191500345   Online                          60 Slots
4           DS60        FCNCD191000240   Online                          60 Slots
5           DS60        FCNCD191700271   Online                          60 Slots
6           ES30        CKM00194101709   Online                          15 Slots
7           DS60        FCNCD191500225   Online                          60 Slots
8           DS60        FCNCD191000196   Online                          60 Slots
---------   ---------   --------------   ------   --------   ---------   --------
8 enclosures present.
@dd401-p0(active:0)# system show model
Model number: DD9800
@dd401-p0(active:0)# disk show state
Enclosure        Disk
  Row(disk-id)    1  2  3  4  5  6  7  8  9  10 11 12 13 14 15
--------------   ----------------------------------------------
1                 .  .  .  .
2                |--------|--------|--------|--------|
                 | Pack 1 | Pack 2 | Pack 3 | Pack 4 |
     E(49-60)    |.  .  s |.  .  . |.  .  s |.  .  . |
     D(37-48)    |.  .  . |.  s  . |.  .  . |.  .  . |
     C(25-36)    |.  .  . |.  .  . |.  .  s |.  .  . |
     B(13-24)    |.  .  . |.  .  . |.  .  . |.  .  . |
     A( 1-12)    |.  .  . |.  .  . |.  .  . |.  .  . |
                 |--------|--------|--------|--------|
3                |--------|--------|--------|--------|
                 | Pack 1 | Pack 2 | Pack 3 | Pack 4 |
     E(49-60)    |.  .  s |.  .  s |.  .  . |.  .  . |
     D(37-48)    |.  .  . |.  .  . |.  .  . |.  .  . |
     C(25-36)    |.  .  . |.  .  . |.  .  . |.  .  . |
     B(13-24)    |.  .  . |.  .  . |.  .  . |.  F  . |
     A( 1-12)    |.  .  . |.  s  . |R  .  . |.  .  . |
                 |--------|--------|--------|--------|
4                |--------|--------|--------|--------|
                 | Pack 1 | Pack 2 | Pack 3 | Pack 4 |
     E(49-60)    |.  .  s |.  .  s |.  .  s |.  .  s |
     D(37-48)    |.  .  . |.  .  . |.  .  . |.  .  . |
     C(25-36)    |.  .  . |.  .  . |.  .  . |.  .  . |
     B(13-24)    |.  .  . |.  .  . |.  .  . |.  .  . |
     A( 1-12)    |.  .  . |.  .  . |.  .  . |.  .  . |
                 |--------|--------|--------|--------|
5                |--------|--------|--------|--------|
                 | Pack 1 | Pack 2 | Pack 3 | Pack 4 |
     E(49-60)    |.  .  s |.  .  s |.  s  . |.  .  s |
     D(37-48)    |.  .  . |.  .  . |.  .  . |.  .  . |
     C(25-36)    |.  .  . |.  .  . |.  .  . |.  .  . |
     B(13-24)    |.  .  . |.  .  . |.  .  . |.  .  . |
     A( 1-12)    |.  .  . |.  .  . |.  .  . |.  .  . |
                 |--------|--------|--------|--------|
6                 .  .  .  .  .  .  .  .  .  .  .  .  .  .  .
7                |--------|--------|--------|--------|
                 | Pack 1 | Pack 2 | Pack 3 | Pack 4 |
     E(49-60)    |.  .  s |.  .  . |.  .  s |.  .  . |
     D(37-48)    |.  .  . |.  .  . |.  .  . |.  .  . |
     C(25-36)    |.  .  . |.  .  s |.  .  . |.  .  . |
     B(13-24)    |.  .  . |.  .  . |.  .  . |.  .  . |
     A( 1-12)    |.  .  . |.  .  s |.  .  . |.  .  . |
                 |--------|--------|--------|--------|
8                |--------|--------|--------|--------|
                 | Pack 1 | Pack 2 | Pack 3 | Pack 4 |
     E(49-60)    |.  .  . |-  -  - |-  -  - |-  -  - |
     D(37-48)    |.  .  . |-  -  - |-  -  - |-  -  - |
     C(25-36)    |.  .  . |-  -  - |-  -  - |-  -  - |
     B(13-24)    |.  s  . |-  -  - |-  -  - |-  -  - |
     A( 1-12)    |.  .  . |-  -  - |-  -  - |-  -  - |
                 |--------|--------|--------|--------|
--------------   ----------------------------------------------
Legend   State                          Count
------   ----------------------------   -----
.        In Use Disks                   312
s        Spare Disks                    20
R        Spare (reconstructing) Disks   1
F        Failed Disks                   1
-        Not Installed Disks            45
------   ----------------------------   -----
Total 334 disks
Disk    Disks            Progress   Remaining
Group   Reconstructing   (%)        (minutes)
-----   --------------   --------   ---------
dg9     3.7              77         142
-----   --------------   --------   ---------
@dd401-p0(active:0)# disk show hardware
Disk         Slot   Manufacturer/Model                        Firmware   Serial No.                 Capacity    Type
(enc/disk)
----------   ----   ---------------------------------------   --------   ------------------------   ---------   --------
1.1          0      SHSA
__________________________________
Полный текст обращения смотри в ""Оригинал письма.eml""",ноутбук,Диск,CKM00194101709,"Запустите проверку ошибок диска через настройки системы. Удалите ненужные файлы или переместите их на другой диск, чтобы освободить место. Если диск по-прежнему работает с ошибками, рекомендуется сделать резервное копирование данных и подумать о замене диска.",1.0
4,0,Не работает блок питания,"В течении недели перестал внезапно работать блок питания на ноутбуке  Сила НК2-1404 v2 SN:  C223100360
",ноутбук,Диск,C223100360,"Запустите проверку ошибок диска через настройки системы. Удалите ненужные файлы или переместите их на другой диск, чтобы освободить место. Если диск по-прежнему работает с ошибками, рекомендуется сделать резервное копирование данных и подумать о замене диска.",1.0
5,96,СИЛА HK2  C223012606 C223012600 C223012675 C223011979 C223012790 абгрейд антенн,"Коллеги добрый день! Прошу пригласить инженера для апгрейда антенн
C223012606
C223012600
C223012675
C223011979
C223012790
+ C223011888
",ноутбук,Диск,C223011888,"Запустите проверку ошибок диска через настройки системы. Удалите ненужные файлы или переместите их на другой диск, чтобы освободить место. Если диск по-прежнему работает с ошибками, рекомендуется сделать резервное копирование данных и подумать о замене диска.",1.0
6,113,полосы на экране и отклеились ножки,"Переодически (было 3-4 раза) появляются полосы на экране. Видео во вложении. Специально поймать данную неисправность не удается. 
Также отклеились 2 ножки на корпусе.
",сервер,Диск,Уточнить,"Запустите проверку ошибок диска. Если диск работает медленно или с ошибками, сделайте резервное копирование и рассмотрите замену.",0.0
7,24,Гарантийный ремонт 2-х ноутбуков СИЛА,"Добрый день! _x000D_
 Выявили дефекты изображения на матрице 2-х приобретённых у вас ноутбуках СИЛА НК2-3404. _x000D_
 Серийные номера: _x000D_
 1)    С223090320 _x000D_
 2)    С223091504 _x000D_
 Прошу организовать работы по гарантийному ремонту. _x000D_
 ",ноутбук,Диск,C223091504,"Запустите проверку ошибок диска через настройки системы. Удалите ненужные файлы или переместите их на другой диск, чтобы освободить место. Если диск по-прежнему работает с ошибками, рекомендуется сделать резервное копирование данных и подумать о замене диска.",1.0
8,138,СИЛА HK2-1404 // Краш SSD  // C223012059,"Добрый день, на ноутбуке крашится SSD.
",ноутбук,Wi-fi модуль,C223012059,"Отключите и снова подключите Wi-Fi в настройках ноутбука. Если это не помогло, перезагрузите роутер. Если ноутбук продолжает терять связь, проверьте, есть ли обновления драйвера для Wi-Fi. Попробуйте подключиться к сети поближе к роутеру. Если проблема остается, Wi-Fi модуль может нуждаться в замене.",1.0
9,32,Неисправность сервера СИЛА // 46915,"Модель: сервер CP2 – 5422_x000D_
S/N : D252030010_x000D_
 Расположение: КВ7 _x000D_
 Описание: Неисправность системы охлаждения сервера и модуля управления. _x000D_
 Приоритет: 3 _x000D_
 Приоритет: 3 _x000D_
 Дополнительная информация во вложении. _x000D_
 ",сервер,Программное обеспечение,D252030010,"Проверьте, есть ли обновления для серверного программного обеспечения, и установите их. Если сервер работает нестабильно после обновления, попробуйте откатить последние изменения. Если проблема не решена, рекомендуется переустановить ПО.",1.0
10,105,HK2-1404 // Не работает зарядное устройство // C223101193,"Не работает зарядное устройство_x000D_
",ноутбук,Диск,C223101193,"Запустите проверку ошибок диска через настройки системы. Удалите ненужные файлы или переместите их на другой диск, чтобы освободить место. Если диск по-прежнему работает с ошибками, рекомендуется сделать резервное копирование данных и подумать о замене диска.",1.0
11,10,Ноутбук Сила НК2-1404 v2  SN: C223100312 не работает сетевой адаптер.,"Ноутбук Сила НК2-1404 v2  SN:  C223100312 не работает сетевой адаптер.
",ноутбук,Диск,C223100312,"Запустите проверку ошибок диска через настройки системы. Удалите ненужные файлы или переместите их на другой диск, чтобы освободить место. Если диск по-прежнему работает с ошибками, рекомендуется сделать резервное копирование данных и подумать о замене диска.",1.0
12,74,НК2-1404 // залит водой // C223011324,"пользователь залил ноутбук водой. требуется диагностика, обслуживание и ремонт, по необходимости.
",ноутбук,Клавиатура,C223011324,"Если какие-то клавиши не работают, попробуйте аккуратно очистить их от пыли и мусора с помощью мягкой кисти. Если клавиша застряла, аккуратно попробуйте освободить её, используя пинцет. В случае серьезных повреждений, например, если клавиатура залилась жидкостью, замените её у специалиста.",1.0
13,54,"10552. СИЛА HK-1404 // замена блоков питания // C223010423, C223011174","Добрый день! Не работают блоки питания, прошу заменить
",ноутбук,Диск,C223011174,"Запустите проверку ошибок диска через настройки системы. Удалите ненужные файлы или переместите их на другой диск, чтобы освободить место. Если диск по-прежнему работает с ошибками, рекомендуется сделать резервное копирование данных и подумать о замене диска.",1.0
14,162,НК2-1404 v2 // Не работает зарядное устройство // C223100822,"Не работает зарядное устройство.
",ноутбук,Диск,C223100822,"Запустите проверку ошибок диска через настройки системы. Удалите ненужные файлы или переместите их на другой диск, чтобы освободить место. Если диск по-прежнему работает с ошибками, рекомендуется сделать резервное копирование данных и подумать о замене диска.",1.0
15,23,Не работает ноутбук,"Добрый день!
Ноутбук C223013256 перестал корректно включаться.
После нажатия на кнопку включения загорается индикатор, но кулер не крутится, изображение не появляется.
Прошу помощи в диагностике неисправности, сброс по питанию проблему не решает.
",СХД,Диск,C223013256,"Проверьте систему на наличие ошибок диска и при необходимости запустите ремонт. Если диск заполнен, удалите ненужные файлы или переместите их в другое место. Если ошибки продолжаются, сделайте резервное копирование данных и замените диск.",1.0
16,78,Неисправность сервера СИЛА//46925,"Коллеги, добрый день. 
 Просьба принять запрос. 
 Оборудование: Сервер СИЛА 
 Номер: D252030034 
 Описание неисправности: 
 Неисправность модуля управления и системы охлаждения сервера 
 bios 8.3 BMC 1262_2 

 ",сервер,Программное обеспечение,D252030034,"Проверьте, есть ли обновления для серверного программного обеспечения, и установите их. Если сервер работает нестабильно после обновления, попробуйте откатить последние изменения. Если проблема не решена, рекомендуется переустановить ПО.",1.0
17,108,СИЛА HK2-1404// Не работает зарядное устройство// C223100876,"Перестало работать зарядное устройство. С другим работает корректно.
",ноутбук,Диск,C223100876,"Запустите проверку ошибок диска через настройки системы. Удалите ненужные файлы или переместите их на другой диск, чтобы освободить место. Если диск по-прежнему работает с ошибками, рекомендуется сделать резервное копирование данных и подумать о замене диска.",1.0
18,189,НК2-1404 // Не работает Wi-FI (Кашира)// C223101219,"На устройстве не работает WiFi
",ноутбук,Диск,C223101219,"Запустите проверку ошибок диска через настройки системы. Удалите ненужные файлы или переместите их на другой диск, чтобы освободить место. Если диск по-прежнему работает с ошибками, рекомендуется сделать резервное копирование данных и подумать о замене диска.",1.0
19,56,СИЛА HK2-1404 // Неисправность зарядного устройства ноутбука СИЛА // C223011355,"Добрый день!
В процессе эксплуатации у пользователя перестало работать зарядное устройство, оба порта type-c ноутбука корректно функционируют, визуально нет следов повреждения, c другими зарядными устройствами ноутбук корректно заряжается. Прошу заменить. Спасибо!
",ноутбук,Программное обеспечение,C223011355,"Проверьте, есть ли обновления для программного обеспечения и установите их. Если ноутбук работает нестабильно после обновления, попробуйте откатить последние изменения.",1.0
20,155,"СИЛА СХ2-4115-12; СИЛА CX2-4016-25; СИЛА СХ2-4066-36  //  обновить ПО до последней версии // E244030001, E244030002, E244030003","Добрый день. 
Недавно приобретали у вас 3 схд, (СИЛА СХ2-4115-12; СИЛА CX2-4016-25; СИЛА СХ2-4066-36;) сейчас готовим оборудование к запуску и хотим обновить ПО до последней версии. ",ноутбук,Матрица,E244030003,"Если экран ноутбука мигает или показывает искажения, попробуйте закрыть и снова открыть крышку ноутбука. Проверьте, нет ли видимых повреждений на экране и не закрывает ли что-то вентиляцию. Если проблема сохраняется, подключите ноутбук к внешнему монитору. Если изображение на мониторе нормальное, возможно, потребуется замена экрана.",1.0
21,83,Ошибка диска Enclosure=3:Disk=5 на datadomain,"Коллеги, добрый день._x000D_
Прошу открыть кейс по неисправному диску на оборудовании DataDomain_x000D_
sysadmin@dd501-p1(active:1)# alert show current_x000D_
Id      Post Time                  Severity   Class             Object                Message_x000D_
-----   ------------------------   --------   ---------------   -------------------   ------------------------------------------------------------------------_x000D_
m0-37   Tue Jul 16 21:15:42 2024   CRITICAL   HardwareFailure   Enclosure=3:Disk=57   EVT-STORAGE-00002: Unable to access a disk and the disk state is failed._x000D_
-----   ------------------------   --------   ---------------   -------------------   ------------------------------------------------------------------------_x000D_
There is 1 active alert._x000D_
",СХД,Диск,Уточнить,"Проверьте систему на наличие ошибок диска и при необходимости запустите ремонт. Если диск заполнен, удалите ненужные файлы или переместите их в другое место. Если ошибки продолжаются, сделайте резервное копирование данных и замените диск.",0.0
22,47,"СИЛА НК2-1404 // Рябь, мерцание //C223014073","Коллеги, добрый день!
У нас поломка 3-х ноутбуков СИЛА НК2-1404.
Серийные номера: C223013568,C223014073, C223014954


Рябь на ноутбуках/мерцание.",ноутбук,Блок питания,C223014954,"Проверьте, что кабель и разъем не повреждены, плотно подсоединены к розетке и ноутбуку. Попробуйте временно отключить блок питания от розетки и подключить снова через минуту. Если ноутбук по-прежнему не заряжается, замените блок питания на другой, совместимый с вашей моделью.",1.0
23,95,Hа: Ноутбук Сила ООО Газпром бурение,"У ноутбука СИЛА НК2-1404 S/N C222091115 возникла проблема:
На прошлой неделе сотрудник работал как обычно, вечером ушёл домой, утром 
пришёл и на ноутбуке показало, что нет системы
В ходе проверки было обнаружено полное обнуление SSD Диска включая SMART
",ноутбук,Материнская плата,C222091115,"Полностью выключите ноутбук, отсоедините зарядное устройство и подождите несколько минут. Если ноутбук часто перегревается, используйте охлаждающую подставку или избегайте мягких поверхностей. Если проблемы продолжаются, лучше обратиться к специалисту для диагностики, так как самостоятельно починить материнскую плату сложно.",1.0
24,73,Проблема с серийным номером СИЛА,"Добрый день! 
 Ранее мы отправляли к вам на ремонт ноутбук по заявке: 
 6452. СИЛА HK2-1404 // Устройство не включается // C223012272 
 Сейчас при настройке мы заметили, что у него серийный номер такой: C2223012272 
 Т.е. имеется лишняя 2-йка в серийном номере. 
 Скрины во вложении. 
 Можете подсказать, можно ли как-то его поменять или сохранится ли за ним гарантия, если так и оставить? 
",ноутбук,Диск,C2223012272,"Запустите проверку ошибок диска через настройки системы. Удалите ненужные файлы или переместите их на другой диск, чтобы освободить место. Если диск по-прежнему работает с ошибками, рекомендуется сделать резервное копирование данных и подумать о замене диска.",1.0
25,145,СИЛА HK2-1404 // Неисправность зарядного устройства ноутбука СИЛА // C223011958,"Добрый день!
В процессе эксплуатации у пользователя перестало работать зарядное устройство, оба порта type-c ноутбука корректно функционируют, визуально нет следов повреждения, c другими зарядными устройствами ноутбук корректно заряжается. Прошу заменить. Спасибо!
",ноутбук,Программное обеспечение,C223011958,"Проверьте, есть ли обновления для программного обеспечения и установите их. Если ноутбук работает нестабильно после обновления, попробуйте откатить последние изменения.",1.0
26,97,Ноутбук не включается,"Ноутбук не включается, постоянно перезагружается, не всегда выходит из спящего режима
",ноутбук,Диск,Уточнить,"Запустите проверку ошибок диска через настройки системы. Удалите ненужные файлы или переместите их на другой диск, чтобы освободить место. Если диск по-прежнему работает с ошибками, рекомендуется сделать резервное копирование данных и подумать о замене диска.",0.0
27,104,Мерцает матрица ноутбука,"Здравствуйте! При включении ноутбука Сила HK2-1404 мерцает матрица, полосы появляются!",ноутбук,Оперативная память,Уточнить,"Выключите ноутбук и снова включите его, чтобы освободить память. Если проблема остаётся, возможно, нужно заменить оперативную память.",0.0
28,34,Сервер СР2-5422 // После обновления bios и bmc появились ошибки системных кулеров // D251110015,"Добрый день!_x000D_
После обновления bios и bmc появились ошибки связанные с системными кулерами (скриншот и выгрузка логов во вложении)._x000D_
System_Fan_1 sensor crossed a critical low threshold going low. Reading=0.000000 Threshold=100.000000 ._x000D_
System_Fan_2 sensor crossed a critical low threshold going low. Reading=0.000000 Threshold=100.000000 ._x000D_
System_Fan_3 sensor crossed a critical low threshold going low. Reading=0.000000 Threshold=100.000000 ._x000D_
Сброс логов с последующей перезагрузкой bmc не помогли.",СХД,Диск,D251110015,"Проверьте систему на наличие ошибок диска и при необходимости запустите ремонт. Если диск заполнен, удалите ненужные файлы или переместите их в другое место. Если ошибки продолжаются, сделайте резервное копирование данных и замените диск.",1.0
