index,Тема,Тип оборудования,Точка отказа,Серийный номер
0,Ноутбук сила hk2-1404\ не работает wifi\с23011165,Ноутбук,Материнская плата,C23011165
1,"Ноутбук сила нк2-1404 // гарантийная замена модуля wifi, антенны в наличае // c223012840",Ноутбук,Клавиатура,C223012840
2,Ноутбуки сила hk2-1404\ модернизация wifi антенны c223010918 и c223012938,Ноутбук,Wi-fi модуль,C223012938
3,Модернизация wi-fi антенны на ноутбуках сила hk2-1404 (в кол-ве 3 шт.),Ноутбук,Wi-fi модуль,C223011024
4,Сервер сила ср2-5422  // вышел из строя sfp модуль // d253010025,Сервер,Программное обеспечение,D253010025
5,Проблемы со звуком,Ноутбук,Материнская плата,Уточнить
6,Сила ср2-5422 sn: d252030002 неисправность сервера //47042,Сервер,Материнская плата,D252030049
7,Неисправность сервера сила d252030028//46055,Сервер,Материнская плата,D252030028
8,Неисправность сервера сила sn: d252030043 // 46899,Сервер,Сервер,D252030043
9,Неисправность сервера сила//46928,Сервер,Материнская плата,D252030018
10,Не включается ноутбук,Ноутбук,Материнская плата,C222091448
11,Сервер ср2-5422 // зафиксированы критические значения на датчиках // d251110010,Сервер,Материнская плата,D251110010
12,Некорректная работа ноутбука,Ноутбук,Материнская плата,Уточнить
13,Сила нк2-1404 // вопрос по ремонту//  c223012146,Ноутбук,Матрица,C223012146
14,Заявка на неисправную память на dd401,СХД,Диск,Ckm00194101709
15,Hk2-3404 // полосы в нижней части экрана //  c223090377,Ноутбук,Матрица,C223090377
16,Неисправность ноутбука,Ноутбук,Матрица,Уточнить
17,Ноутбук нк2-1404 // необходима замена разбитого экрана // c223011330,Ноутбук,Материнская плата,C223011330
18,Ноутбук нк2-3404 с223090762 - мерцает экран,Ноутбук,Матрица,C223090762
19,Ноутбук сила нк2-1404 серийный номер c223013586. мерцающие полосы на дисплее.,Ноутбук,Матрица,C223013586
20,Hk2-1404 // проблема с дисплеем // c223011829,Ноутбук,Материнская плата,C223011829
21,Ноутбук нк2-3404 с223090515- мерцает экран,Ноутбук,Матрица,C223090515
22,"Сила нк2-1404 // рябь, мерцание //c223014954",Ноутбук,Матрица,C223014954
23,Проблема с ноутбуком сила-нк2-1402,Ноутбук,Корпус,C223013368
24,Сила нк2-1404 // полосы на экране // c223011546,Ноутбук,Матрица,C223011546
25,Нк2-1404 // проблемы с экраном // c223010173,Ноутбук,Матрица,C223010173
26,Не работает ноутбук,Ноутбук,Материнская плата,C222091233
27,Ноутбук сила hк2 34-04 мерцание экрана,Ноутбук,Матрица,Уточнить
28,Неисправность ноутбук сила нк2-3404 - ntb48540 s/n: c223091510,Ноутбук,Матрица,Уточнить
29,"Гарантийное обслуживание ноутбука сила нк2-3404, s/n: c223090759 (chg3068479)",Ноутбук,Вентилятор,C223090759
30,Проблема с изображением на дисплее,Ноутбук,Матрица,Уточнить
31,Ноутбук сила hk1-1425/i5-1135g7/1*8g/m.2 256gb/в3y/c112040013/536371,Ноутбук,Материнская плата,C112040013
32,Неисправность ноутбука сила нк2-3404 - ntb48502,Ноутбук,Матрица,Уточнить
33,Гарантийный ремонт ноутбука сила hk2-1404,Ноутбук,Материнская плата,C223014201
34,Замена ноутбука сила с223014788.,Ноутбук,Диск,C223014788
35,Сервер ср2-5422 // ошибки // d251110020,Сервер,Материнская плата,D251110020
36,Сила нк2-1404 // не включается // с22090200,Ноутбук,Материнская плата,C22090200
37,"Ноутбук сила нк2-1404//не включается, не работает блок зу//c223010824",Ноутбук,Материнская плата,C223010824
38,Ноутбук сила hk1-1425/ i5-1135g7/8g/m.2 256gb/в3y/c111110027/инв.525538,Ноутбук,Материнская плата,C111110027
39,Сервер ср2-5422 // после обновления bios и bmc появились ошибки системных кулеров // d251110034,Сервер,Материнская плата,D251110034
40,Нет звука,Ноутбук,Материнская плата,Уточнить
41,Мерцает изображение,Ноутбук,Матрица,Уточнить
42,Hk2- 1404 // теряет связь с зарядным устройством //c223011348,Ноутбук,Блок питания,C223011348
43,Гарантийный ремонт,Ноутбук,Матрица,Уточнить
44,"Сила нк2-1404//не включается, не работает блок зу//c223102183",Ноутбук,Материнская плата,C223102183
45,Сервер ср2-5422 // зафиксированы значения датчика p1v8 pch  за пределами диапазона // d251110013,Сервер,Материнская плата,D251110013
46,Не работают встроенные динамики на ноутбуке сила нк2-1404,Ноутбук,Материнская плата,Уточнить
47,Сервер ср2-5422 // зафиксированы критические значения на датчиках // d251110035,Сервер,Материнская плата,D251110035
48,Сила нк2-1404 //не включается ноутбук  // c223100636,Ноутбук,Материнская плата,C223100636
49,Гарантийный ремонт sila hk2-1404 asset 438942 serial c223010776,Ноутбук,Материнская плата,C223010776
50,Hk2-1404 // ноутбук не включается // c223010956,Ноутбук,Материнская плата,C223010956
51,Сила hk2-1404 // проблема с ноутбуком // с222090533,Ноутбук,Материнская плата,C222090533
52,Не включается ноутбук сила hk2-1404 v2,Ноутбук,Материнская плата,Уточнить
53,Сила нк2-1404 // полосы на экране // c223012413,Ноутбук,Материнская плата,C223012413
54,Hk2-1404  // не заряжается через верхний type-c  // c223014419,Ноутбук,Материнская плата,C223014030
55,Сила нк2-1404 // гарантийный ремонт // c223010318,Ноутбук,Wi-fi модуль,C223010318
56,Плохо работает клавиша,Ноутбук,Материнская плата,Уточнить
57,Западает клавиша,Ноутбук,Wi-fi модуль,Уточнить
58,"Нк2-1404 // на устройстве отлетела клавиша ""т""с// c223100530",Ноутбук,Блок питания,C223100530
59,Сила hk-1404 // шторка камеры не держится на ноутбуке // c223012790,Ноутбук,Wi-fi модуль,C223012790
60,Сила нк2-1404//нет видеосигнала // c222091037,Ноутбук,Материнская плата,C222091037
61,Ноутбук нк2-1404 // ssd  // c222090608,Ноутбук,Материнская плата,C222090608
62,Неисправность диска enclosure=2:disk=34 dd502,Сервер,Диск,Уточнить
63,Неисправность диска enclosure=5:disk=40 dd505,Сервер,Диск,Уточнить
64,Неисправный диск enclosure=4:disk=31,Сервер,Диск,Уточнить
65,Заявка на неисправный диск dd503,СХД,Диск,Ckm01212505743
66,[dd202.region..ru - disk 6.1 [sn: zc1bzlxg] is 4],СХД,Диск,Уточнить
67,"Ремонт ноутбука , не работает звук",Ноутбук,Материнская плата,C223012765
68,Нк2-3404 // шумит кулер // c223091813,Ноутбук,Материнская плата,C223091813
69,Сломана клавиатура,Ноутбук,Материнская плата,Уточнить
70,Сервер ср2-5422 // зафиксированы критические значения на датчиках // d251110008,Сервер,Материнская плата,D251110008
71,Неисправное зарядное устройство,Ноутбук,Блок питания,C223010566
72,Hk2-1404 // не работает зарядное устройство // c223012905,Ноутбук,Блок питания,C223012905
73,Сила нк2-1404 v2// не работает зарядка type-c  // c223100526,Ноутбук,Материнская плата,C223100526
74,Блок питания неисправен,Ноутбук,Блок питания,C223013592
75,Hk2-1404 // не работает зарядное устройство // c223011223,Ноутбук,Блок питания,C223011223
76,У пользователя сгорело зу,Ноутбук,Материнская плата,Уточнить
77,Сила hk2-1404 // не работает зарядное устройство // c223011096,Ноутбук,Блок питания,C223011096
78,События bmc по питанию,Сервер,Материнская плата,Уточнить
79,Сила нк2-1404  // не работает зарядное устройство type-c // c223101385,Ноутбук,Блок питания,C223101385
80,Неисправные зарядные устройства,Ноутбук,Блок питания,C223012624
81,Hk2-1404 // не работает зарядное устройство // c223010693,Ноутбук,Блок питания,C223010693
82,Сила нк2-1404//  не включается // c222090783,Ноутбук,Материнская плата,C222090783
83,Сила hk2-1404 // неисправность зарядного устройства ноутбука сила // c223012673,Ноутбук,Блок питания,C223012673
84,Сила hk2-1404 // неисправность зарядного устройства ноутбука сила // c223012788,Ноутбук,Блок питания,C223012788
85,Hk2-1404 // неисправность зарядного устройства ноутбука сила // c223011406,Ноутбук,Блок питания,C223011406
86,Вышло из строя зарядное устройство  на ноутбуке сила нк2-1404  sn:  c223101281,Ноутбук,Блок питания,C223101281
87,Не работает зарядка type-c сила нк2-1404 // c223100882,Ноутбук,Материнская плата,C223100882
88,Обращение с сайта,Ноутбук,Материнская плата,Уточнить
89,Сила нк2-1404 // сильный износ батареи // c223011773,Ноутбук,Блок питания,C223011773
