index,Тема,Описание,Тип оборудования,Точка отказа,Серийный номер
0,Ноутбук сила hk2-1404\ не работает wifi\с23011165,"Не работает WIFI модуль/
При попытке подключиться к любому WIFI, происходит подключение и начинает моргать экран.
",Ноутбук,Материнская плата,C23011165
1,"Ноутбук сила нк2-1404 // гарантийная замена модуля wifi, антенны в наличае // c223012840","Добрый день! Нужна гарантийная замена модуля wifi, антенны в наличие.
",Ноутбук,Клавиатура,C223012840
2,Ноутбуки сила hk2-1404\ модернизация wifi антенны c223010918 и c223012938,Необходимо произвести модернизацию WiFi антенны на ноутбуках Сила HK2-1404 S/N C223010918 и C223012938,Ноутбук,Wi-fi модуль,C223012938
3,Модернизация wi-fi антенны на ноутбуках сила hk2-1404 (в кол-ве 3 шт.),"Необходима модернизация Wi-Fi антенны на ноутбуках Сила HK2-1404 (в кол-ве 3 шт.):
s/n:C223011171
s/n:C223010529
s/n:C223011024
",Ноутбук,Wi-fi модуль,C223011024
4,Сервер сила ср2-5422  // вышел из строя sfp модуль // d253010025,"Добрый день.
На сервере вышел из строя SFP модуль - нет сигнала
Временно поставили SFP из другого сервера -  сигнал пришел в норму.
Просьба заменить SFP модуль.
Фото сбойного модуля во вложении.
",Сервер,Программное обеспечение,D253010025
5,Проблемы со звуком,"Добрый вечер недавно получил новый ноутбук SILA HK2-1404 сразу не было звука с айтишником пытались установить другие драйвера, но ничего не помогло.
",Ноутбук,Материнская плата,Уточнить
6,Сила ср2-5422 sn: d252030002 неисправность сервера //47042,"Добрый день, коллеги. _x000D_
 Проcьба открыть кейс по факту неисправности сервера СИЛА SN: D252030049 _x000D_
 Сервер не включается из коробки. Ранее не использовался. _x000D_
 ",Сервер,Материнская плата,D252030049
7,Неисправность сервера сила d252030028//46055,"Коллеги, добрый день. 
 Просьба принять запрос. 
 Оборудование: СИЛА СР2-5422 
 Номер: D252030028 
 Описание неисправности: 
 Зафиксирована неисправность сервера 
 Логи и скриншот приложены 

 ",Сервер,Материнская плата,D252030028
8,Неисправность сервера сила sn: d252030043 // 46899,"Коллеги, добрый день. 
 Просьба принять запрос. 
Неисправность сервера СИЛА SN: D252030043 // 46899
 Оборудование: СИЛА СР2-5422 
 Номер: D252030043 
 Описание неисправности: 
 Множественные ошибки на модуле управления + системы охлаждения. 
 Логи и скриншот приложены 
 ",Сервер,Сервер,D252030043
9,Неисправность сервера сила//46928,"Коллеги, добрый день. 
 Просьба принять запрос. 
 Оборудование: Сервер СИЛА 
 Номер: D252030018 
 Описание неисправности: 
 Неисправность сервисов модуля управления 

 ",Сервер,Материнская плата,D252030018
10,Не включается ноутбук,"Добрый день, _x000D_
 перестал включаться ноутбук Сила НК2-1404, серийный номер C222091448 _x000D_
 Фото во вложении. _x000D_
 При нажатии кнопки включения, зажигается индикация включения, но ничего не запускается (черный экран и нет звука куллера), через несколько секунд индикация выключается. _x000D_
 Так же ноутбук не включается, когда подключено питание. _x000D_
 ",Ноутбук,Материнская плата,C222091448
11,Сервер ср2-5422 // зафиксированы критические значения на датчиках // d251110010,"Добрый день!_x000D_
У сервера зафикисированы критические значения на сенсорах._x000D_
Сделать выгрузку логов событий и сенсоров не предоставляется возможным (в интерфейсе не нашел такой опции)_x000D_
Версия BMC: wht-0.0-0-fb83a56 _x000D_
скриншоты во воложении.",Сервер,Материнская плата,D251110010
12,Некорректная работа ноутбука,"Пользователю заменен ноутбук сила с следующими жалобами - отваливается периодически WI fi адаптер, рябит временами и двоит экран (несмотря на переустановку видеодрайвера) , часто вылетает синий экран BSOD с разными ошибками.",Ноутбук,Материнская плата,Уточнить
13,Сила нк2-1404 // вопрос по ремонту//  c223012146,"Добрый день!
В прошлом году покупали у Вас ноутбуки на в количестве 20 
штук.
На данный момент на трех из них есть проблемы.
На первом не работает вентилятор, на втором проблема с экраном (скрин во 
вложении), на третьем тоже вентилятор + не переустанавливается ОС, 
ошибка при копировании установочных файлов.
Какие наши дальнейшие действия?
",Ноутбук,Матрица,C223012146
14,Заявка на неисправную память на dd401,"Добрый день!
Просьба открыть заявку по неисправному модулю памяти
Enclosure=1:DIMM=MR1 DIMM A0
aleksei.zaharov@dd401-p0(active:0)#<mailto:aleksei.zaharov@dd401-p0(active:0)#> system show serial
Serial number: CKM00194300973
aleksei.zaharov@dd401-p0(active:0)#<mailto:aleksei.zaharov@dd401-p0(active:0)#> system show model
Model number: DD9800
aleksei.zaharov@dd401-p0(active:0)#<mailto:aleksei.zaharov@dd401-p0(active:0)#> alerts show current
Id       Post Time                  Severity   Class               Object                         Message
------   ------------------------   --------   -----------------   ----------------------------   ------------------------------------------------------------------------
p0-418   Fri Feb 25 14:11:08 2022   ERROR      SystemMaintenance   ESRSGateway=10.64.0.246        EVT-SMTOOL-00003: Error communicating with ESRS gateway: 10.64.0.246.
p0-477   Fri Nov 24 04:35:09 2023   CRITICAL   HardwareFailure     Enclosure=1:DIMM=MR1 DIMM A0   EVT-DIMM-00003: A memory card has failed
m0-62    Wed Nov 29 03:24:37 2023   CRITICAL   HardwareFailure     Enclosure=2:Disk=28            EVT-STORAGE-00002: Unable to access a disk and the disk state is failed.
m0-63    Tue Dec  5 10:01:43 2023   CRITICAL   HardwareFailure     Enclosure=3:Disk=5             EVT-STORAGE-00002: Unable to access a disk and the disk state is failed.
------   ------------------------   --------   -----------------   ----------------------------   ------------------------------------------------------------------------
There are 4 active alerts.
aleksei.zaharov@dd401-p0(active:0)#<mailto:aleksei.zaharov@dd401-p0(active:0)#> enclosure show summary
Enclosure   Model No.   Serial No.       State    OEM Name   OEM Value   Capacity
---------   ---------   --------------   ------   --------   ---------   --------
1           DD9800      NVT10193400034   Online                          4 Slots
2           DS60        FCNCD191700080   Online                          60 Slots
3           DS60        FCNCD191500345   Online                          60 Slots
4           DS60        FCNCD191000240   Online                          60 Slots
5           DS60        FCNCD191700271   Online                          60 Slots
6           ES30        CKM00194101709   Online                          15 Slots
7           DS60        FCNCD191500225   Online                          60 Slots
8           DS60        FCNCD191000196   Online                          60 Slots
---------   ---------   --------------   ------   --------   ---------   --------
8 enclosures present.
aleksei.zaharov@dd401-p0(active:0)#<mailto:aleksei.zaharov@dd401-p0(active:0)#> disk show state
Enclosure        Disk
  Row(disk-id)    1  2  3  4  5  6  7  8  9  10 11 12 13 14 15
--------------   ----------------------------------------------
1                 .  .  .  .
2                |--------|--------|--------|--------|
                 | Pack 1 | Pack 2 | Pack 3 | Pack 4 |
     E(49-60)    |.  .  s |.  .  . |.  .  s |.  .  . |
     D(37-48)    |.  .  . |.  .  . |.  .  . |.  .  . |
     C(25-36)    |.  .  . |F  .  . |.  .  s |.  .  . |
     B(13-24)    |.  .  . |.  .  . |.  .  . |.  .  . |
     A( 1-12)    |.  .  . |.  .  . |.  .  . |.  .  . |
                 |--------|--------|--------|--------|
3                |--------|--------|--------|--------|
                 | Pack 1 | Pack 2 | Pack 3 | Pack 4 |
     E(49-60)    |.  .  s |.  .  s |.  .  . |.  .  . |
     D(37-48)    |.  .  . |.  .  . |.  .  . |.  .  . |
     C(25-36)    |s  .  . |.  .  . |.  .  . |.  .  . |
     B(13-24)    |.  .  . |.  .  . |.  .  . |.  .  . |
     A( 1-12)    |.  .  . |.  F  . |.  .  . |.  .  . |
                 |--------|--------|--------|--------|
4                |--------|--------|--------|--------|
                 | Pack 1 | Pack 2 | Pack 3 | Pack 4 |
     E(49-60)    |.  .  s |.  .  s |.  .  s |.  .  s |
     D(37-48)    |.  .  . |.  .  . |.  .  . |.  .  . |
     C(25-36)    |.  .  . |.  .  . |.  .  . |.  .  . |
     B(13-24)    |.  .  . |.  .  . |.  .  . |.  .  . |
     A( 1-12)    |.  .  . |.  .  . |.  .  . |.  .  . |
                 |--------|--------|--------|--------|
5                |--------|--------|--------|--------|
                 | Pack 1 | Pack 2 | Pack 3 | Pack 4 |
     E(49-60)    |.  .  s |.  .  s |.  s  . |.  .  s |
     D(37-48)    |.  .  . |.  .  . |.  .  . |.  .  . |
     C(25-36)    |.  .  . |.  .  . |.  .  . |.  .  . |
     B(13-24)    |.  .  . |.  .  . |.  .  . |.  .  . |
     A( 1-12)    |.  .  . |.  .  . |.  .  . |.  .  . |
                 |--------|--------|--------|--------|
6                 .  .  .  .  .  .  .  .  .  .  .  .  .  .  .
7                |--------|--------|--------|--------|
                 | Pack 1 | Pack 2 | Pack 3 | Pack 4 |
     E(49-60)    |.  .  s |.  .  . |.  .  s |.  .  . |
     D(37-48)    |.  .  . |.  .  . |.  .  . |.  .  . |
     C(25-36)    |.  .  . |.  .  s |.  .  . |.  .  . |
     B(13-24)    |.  .  . |.  .  . |.  .  . |.  .  . |
     A( 1-12)    |.  .  . |.  .  s |.  .  . |.  .  . |
                 |--------|--------|--------|--------|
8                |--------|--------|--------|--------|
                 | Pack 1 | Pack 2 | Pack 3 | Pack 4 |
     E(49-60)    |.  .  . |-  -  - |-  -  - |-  -  - |
     D(37-48)    |.  .  . |-  -  - |-  -  - |-  -  - |
     C(25-36)    |.  .  . |-  -  - |-  -  - |-  -  - |
     B(13-24)    |.  s  . |-  -  - |-  -  - |-  -  - |
     A( 1-12)    |.  .  . |-  -  - |-  -  - |-  -  - |
                 |--------|--------|--------|--------|
--------------   ----------------------------------------------
Legend   State                 Count
------   -------------------   -----
.        In Use Disks          313
s        Spare Disks           19
F        Failed Disks          2
-        Not Installed Disks   45
------   -------------------   -----
Total 334 disks
aleksei.zaha
__________________________________
Полный текст обращения смотри в ""Оригинал письма.eml""",СХД,Диск,Ckm00194101709
15,Hk2-3404 // полосы в нижней части экрана //  c223090377,"Добрый день! 
 Прошу уточнить возможность гарантийного ремонта ноутбука: 
 Описание неисправности: мерцающие полосы в нижней части экрана, переустановка драйвера не помогла 
 Модель: SILA LLC SILA HK2-3404 

S/n: C223090377 
 ",Ноутбук,Матрица,C223090377
16,Неисправность ноутбука,"Добрый день! 
 Ноутбук СИЛА НК2-3404 - NTB48177 (S/N: C223091745)
 Описание неисправности – экран ноутбука сильно рябит и полосит, при движении курсора или окон сильно полосит и проявляются артефакты, во вложении фото неисправности. На ноутбуке нет следов физического воздействия, скорее всего неисправность аппаратная. 
 ",Ноутбук,Матрица,Уточнить
17,Ноутбук нк2-1404 // необходима замена разбитого экрана // c223011330,"добрый день.
разбит экран, требуется замена.
",Ноутбук,Материнская плата,C223011330
18,Ноутбук нк2-3404 с223090762 - мерцает экран,"Ноутбук НК2-3404 С223090762 - мерцает экран
Просьба оформить выездной ремонт. 
",Ноутбук,Матрица,C223090762
19,Ноутбук сила нк2-1404 серийный номер c223013586. мерцающие полосы на дисплее.,Добрый день. На ноутбуке  СИЛА НК2-1404 серийный номер C223013586. Мерцающие полосы на дисплее. Фото прилагаю.,Ноутбук,Матрица,C223013586
20,Hk2-1404 // проблема с дисплеем // c223011829,"Добрый день! _x000D_
Во время работы появляются полосы на дисплее, а через некоторое время пропадают сами или помогает перезагрузка.",Ноутбук,Материнская плата,C223011829
21,Ноутбук нк2-3404 с223090515- мерцает экран,"Ноутбук НК2-3404 С223090515- мерцает экран
Просьба оформить выездной ремонт. 
",Ноутбук,Матрица,C223090515
22,"Сила нк2-1404 // рябь, мерцание //c223014954","Коллеги, добрый день!
У нас поломка 3-х ноутбуков СИЛА НК2-1404.
Серийные номера: C223013568,C223014073, C223014954


Рябь на ноутбуках/мерцание.",Ноутбук,Матрица,C223014954
23,Проблема с ноутбуком сила-нк2-1402,"Добрый день. _x000D_
 20.03.2024 г. нашей компанией были приобретены 5 ноутбуков СИЛА НК2-1402. _x000D_
 Сегодня в процессе установки операционной системы MS Windows 10 на экране появилась вертикальная синяя полоса, в правой части экрана. _x000D_
 Обратившись в ТП, было предложено письменно обратиться для решения данной проблемы. _x000D_
 Серийный номер ноутбука: C223013368 _x000D_
 Фотографии экрана и серийного номера во вложении. _x000D_
 Прошу оказать помощь. _x000D_
 ",Ноутбук,Корпус,C223013368
24,Сила нк2-1404 // полосы на экране // c223011546,"Полосы на экране ноутбука, прошу помочь с решением проблемы",Ноутбук,Матрица,C223011546
25,Нк2-1404 // проблемы с экраном // c223010173,"Горизонтальная полоса на экране ноутбука. 
",Ноутбук,Матрица,C223010173
26,Не работает ноутбук,"Добрый день!
Ноутбук , серийный номер C222091233.
Наблюдается проблема с включением монитора.
",Ноутбук,Материнская плата,C222091233
27,Ноутбук сила hк2 34-04 мерцание экрана,"Во время работы ноутбука произошло резкое отключение внешних мониторов и начал мерцать экран самого ноутбука. Внешние мониторы после пеерзагрузки заработали, при этом мерцание на встроенном экране ноутбука сохранилось. Проше произвести ремонт. Прошу связаться перед выездом.
",Ноутбук,Матрица,Уточнить
28,Неисправность ноутбук сила нк2-3404 - ntb48540 s/n: c223091510,"Добрый день! 
 Ноутбук СИЛА НК2-3404 - NTB48540 (S/N: C223091510)
 Описание неисправности – Вышла из строя матрица. В верхней левой  части экрана полосы и мерцание на вест экран. Во вложении фото неисправности. На ноутбуке нет следов физического воздействия, скорее всего неисправность аппаратная. 
 ",Ноутбук,Матрица,Уточнить
29,"Гарантийное обслуживание ноутбука сила нк2-3404, s/n: c223090759 (chg3068479)","Здравствуйте! 
 Прошу организовать гарантийную поддержку оборудования: 

             • модель: Ноутбук СИЛА НК2-3404, s/n: C223090759, дата окончания гарантии: 11.07.2027 

             • краткое описание неисправности: неисправна матрица, полосы на экране (акт во вложении) 
 ",Ноутбук,Вентилятор,C223090759
30,Проблема с изображением на дисплее,"Возникла проблема с отображением информации на дисплее. По информации пользователя, ноутбук стоял на одном месте.
Прошу забрать для диагностики.
",Ноутбук,Матрица,Уточнить
31,Ноутбук сила hk1-1425/i5-1135g7/1*8g/m.2 256gb/в3y/c112040013/536371,Сбоит матрица. Прерывается изображение с черными полосами по экрану.,Ноутбук,Материнская плата,C112040013
32,Неисправность ноутбука сила нк2-3404 - ntb48502,"Добрый день! 
 Ноутбук СИЛА НК2-3404 - NTB48502 (S/N: C223090020) Описание неисправности – экран ноутбука появились полосы, во вложении фото неисправности. На ноутбуке нет следов физического воздействия, скорее всего неисправность аппаратная. 
 ",Ноутбук,Матрица,Уточнить
33,Гарантийный ремонт ноутбука сила hk2-1404,"Добрый день, 
 ноутбук СИЛА НК2-1404, серийный номер С223014201. 
 Периодически отваливается порт USB c правой стороны рядом с сетевым интерфейсом. 
 Проблема плавающая, но если отвалился, то восстановить работу порта не удается никаким способом. 
 Может заработать сам спустя некоторое время, если его выключить и не использовать. 
 Также не работает блок питания. 
 ",Ноутбук,Материнская плата,C223014201
34,Замена ноутбука сила с223014788.,"Добрый день!
Ноутбук сила HK2-1404, sn с223014788 .
Проблема WIFI соединением, слабый сигнал и перебои подключения, возможно работать только через интернет кабель.
Прошу произвести гарантийную замену на более новую модель с исправленным дефектом WIFI модуля.
",Ноутбук,Диск,C223014788
35,Сервер ср2-5422 // ошибки // d251110020,"Добрый день! Обновили Bios/BMC. Ошибки IntelME._x000D_
Просьба подготовить новую платформу.",Сервер,Материнская плата,D251110020
36,Сила нк2-1404 // не включается // с22090200,"Добрый день. Ноутбук не включается, не реагирует на подключение питания.",Ноутбук,Материнская плата,C22090200
37,"Ноутбук сила нк2-1404//не включается, не работает блок зу//c223010824","Ноутбук выключился, появился запах гари в районе гнезда ЗУ, больше не включился
- Индикаторная лампочка заряда ноута на боковой части включается только при подключении ЗУ ко второстепенному Type-C порту ноутбука, но ноутбук все равно не включается
- блок ЗУ не работает (отдельно пробовали на другом ноутбуке)
",Ноутбук,Материнская плата,C223010824
38,Ноутбук сила hk1-1425/ i5-1135g7/8g/m.2 256gb/в3y/c111110027/инв.525538,Не рабочий HDMI,Ноутбук,Материнская плата,C111110027
39,Сервер ср2-5422 // после обновления bios и bmc появились ошибки системных кулеров // d251110034,"Добрый день!_x000D_
После обновления bios и BMC на последние версии (SILA_015_bios_rev8_3/CUBE 1.5) появились ошибки в логах и датчиках._x000D_
Прикладываю скрины._x000D_
По питанию вырубать пробовали. Не помогло.",Сервер,Материнская плата,D251110034
40,Нет звука,нет звука в ноуте,Ноутбук,Материнская плата,Уточнить
41,Мерцает изображение,"Мерцает изображение после входа в профиль пользователя в ОС Windows,. мерцание наблюдается и при работе с загрузочной фешки. В БИОСе и на заставке Windows проблем с изображением нет.",Ноутбук,Матрица,Уточнить
42,Hk2- 1404 // теряет связь с зарядным устройством //c223011348,"Добрый день,
Ноутбук периодический не видит зарядное устройство в обоих портах, несколько зарядных устройств проверено, может заряжать 3-4 часа нормально потом перестает видеть зарядку.
Просьба завести заявку в рамках гарантийного ремонта.
",Ноутбук,Блок питания,C223011348
43,Гарантийный ремонт,"При включении нового ноутбука из коробки, на экране были обнаружены ""помехи"".
",Ноутбук,Матрица,Уточнить
44,"Сила нк2-1404//не включается, не работает блок зу//c223102183",,Ноутбук,Материнская плата,C223102183
45,Сервер ср2-5422 // зафиксированы значения датчика p1v8 pch  за пределами диапазона // d251110013,"Добрый день!_x000D_
У сервера зафикисированы значения на сенсоре за пределами диапазон._x000D_
Сделать выгрузку логов событий и сенсоров не предоставляется возможным (в интерфейсе не нашел такой опции)_x000D_
Версия BMC: wht-0.0-0-fb83a56_x000D_
скриншоты во воложении.",Сервер,Материнская плата,D251110013
46,Не работают встроенные динамики на ноутбуке сила нк2-1404,Добрый день. После переустановки ОС снова перестал работать звук. Обновление драйвера ничего не дало. Ранее уже обращались с той же проблемой - тикет #8858.,Ноутбук,Материнская плата,Уточнить
47,Сервер ср2-5422 // зафиксированы критические значения на датчиках // d251110035,"Добрый день! На сервере были работы в рамках заявки 8831._x000D_
Сейчас на сервере наблюдаем критические ошибки.",Сервер,Материнская плата,D251110035
48,Сила нк2-1404 //не включается ноутбук  // c223100636,"Не включается ноутбук ,блок питания рабочий, до этого периодически  был  BSOD",Ноутбук,Материнская плата,C223100636
49,Гарантийный ремонт sila hk2-1404 asset 438942 serial c223010776,"Добрый день.
Прошу принять заявку на гарантийное обслуживание компьютер SILA HK2-1404 serial C223010776.
Не работают порты на левой стороне ноутбука:
- USB порт
- USB-C порт
- HDMI порт
",Ноутбук,Материнская плата,C223010776
50,Hk2-1404 // ноутбук не включается // c223010956,"При нажатии на кнопку питания загорается белый диод и через 4 секунды гаснет. Ноутбук не включается. При подключении зарядного устройства индикатор зарядки активен, но изменений нет.
",Ноутбук,Материнская плата,C223010956
51,Сила hk2-1404 // проблема с ноутбуком // с222090533,"Добрый день, _x000D_
Ноутбук перестал реагировать на ЗУ и включаться._x000D_
При попытке включить показывает, что АКБ разряжено, индикация при по подключении ЗУ отсутствует._x000D_
Подключение ЗУ от Lenovo, Irbis  не даёт результата.",Ноутбук,Материнская плата,C222090533
52,Не включается ноутбук сила hk2-1404 v2,"Не включается ноутбук СИЛА HK2-1404 v2. после нажатия кнопки включения, индикатор загорается на 10 секунд и гаснет. на экран не выводится изображение.
",Ноутбук,Материнская плата,Уточнить
53,Сила нк2-1404 // полосы на экране // c223012413,"Не заряжается, не реагирует на подключение зарядного устройства. Прошу помочь с решением проблемы.
",Ноутбук,Материнская плата,C223012413
54,Hk2-1404  // не заряжается через верхний type-c  // c223014419,"
Серийный номер: C223014765, C223014419, C223014030 
 Модель оборудования – СИЛА HK2-1404 

 Описание неисправности : Не заряжается через верхний type-c 
 ",Ноутбук,Материнская плата,C223014030
55,Сила нк2-1404 // гарантийный ремонт // c223010318,Несколько клавиш на клавиатуре не работают.,Ноутбук,Wi-fi модуль,C223010318
56,Плохо работает клавиша,"Некорректно работает левый ""Shift"": нажимается с посторонним звуком, периодически западает.",Ноутбук,Материнская плата,Уточнить
57,Западает клавиша,"Западает клавиша ""левая стрелка"". Ноутбук из коробки, не пользовались.",Ноутбук,Wi-fi модуль,Уточнить
58,"Нк2-1404 // на устройстве отлетела клавиша ""т""с// c223100530","Отвалилась клавиша на клавиатуре устройства ""Ноутбук""",Ноутбук,Блок питания,C223100530
59,Сила hk-1404 // шторка камеры не держится на ноутбуке // c223012790,"Добрый день! Шторка камеры не держится на ноутбуке.
",Ноутбук,Wi-fi модуль,C223012790
60,Сила нк2-1404//нет видеосигнала // c222091037,"Будьте добры сообщить адрес сервисного центра в г.Липецке
",Ноутбук,Материнская плата,C222091037
61,Ноутбук нк2-1404 // ssd  // c222090608,"Приветствую! 
 Ноутбук C222091478 Не прош. BIOS. Период. Зависания и отказ КБ 
 Ноутбук C222090608 SSD 
",Ноутбук,Материнская плата,C222090608
62,Неисправность диска enclosure=2:disk=34 dd502,"Коллеги, добрый день._x000D_
Прошу открыть кейс по неисправному диску на оборудовании Data Domain:_x000D_
sysadmin@dd502-p1(active:1)# alerts show current_x000D_
Id      Post Time                  Severity   Class             Object                Message_x000D_
-----   ------------------------   --------   ---------------   -------------------   ------------------------------------------------------------------------_x000D_
m0-41   Wed Jul 24 19:04:55 2024   CRITICAL   HardwareFailure   Enclosure=2:Disk=34   EVT-STORAGE-00002: Unable to access a disk and the disk state is failed._x000D_
-----   ------------------------   --------   ---------------   -------------------   ------------------------------------------------------------------------_x000D_
There is 1 active alert._x000D_
",Сервер,Диск,Уточнить
63,Неисправность диска enclosure=5:disk=40 dd505,"Коллеги, добрый день._x000D_
Прошу открыть кейс по неисправному диску на оборудовании Data Domain:_x000D_
sysadmin@dd505-p0(active:0)# alerts show current_x000D_
Id      Post Time                  Severity   Class             Object                Message_x000D_
-----   ------------------------   --------   ---------------   -------------------   ------------------------------------------------------------------------_x000D_
m0-54   Wed Jul 24 21:41:54 2024   CRITICAL   HardwareFailure   Enclosure=5:Disk=40   EVT-STORAGE-00002: Unable to access a disk and the disk state is failed._x000D_
-----   ------------------------   --------   ---------------   -------------------   ------------------------------------------------------------------------_x000D_
There is 1 active alert._x000D_
",Сервер,Диск,Уточнить
64,Неисправный диск enclosure=4:disk=31,"Коллеги, добрый день._x000D_
Прошу открыть кейс по неисправному диску на DataDomain_x000D_
sysadmin@dd203-p0(active:0)# sysadmin@dd203-p0(active:0)# alerts show current_x000D_
Id       Post Time                  Severity   Class               Object                         Message_x000D_
------   ------------------------   --------   -----------------   ----------------------------   ------------------------------------------------------------------------_x000D_
p0-214   Thu Jan 27 19:40:18 2022   CRITICAL   HardwareFailure     Enclosure=1:DIMM=MR2 DIMM A0   EVT-DIMM-00003: A memory card has failed_x000D_
p0-215   Fri Feb 25 14:11:08 2022   ERROR      SystemMaintenance   ESRSGateway=10.64.0.246        EVT-SMTOOL-00003: Error communicating with ESRS gateway: 10.64.0.246._x000D_
p0-271   Thu Apr 11 12:10:34 2024   ERROR      SystemMaintenance                                  EVT-SMTOOL-00001: Error communicating with mail server._x000D_
m0-42    Sun Jun 30 11:20:11 2024   CRITICAL   HardwareFailure     Enclosure=4:Disk=31            EVT-STORAGE-00002: Unable to access a disk and the disk state is failed._x000D_
------   ------------------------   --------   -----------------   ----------------------------   ------------------------------------------------------------------------_x000D_
There are 4 active alerts._x000D_
sysadmin@dd203-p0(active:0)#_x000D_
",Сервер,Диск,Уточнить
65,Заявка на неисправный диск dd503,"Добрый день.
Просьба открыть заявку по неисправному диску:
dd503-p0(active:0)# system show serial
Serial number: CKM01212505743
dd503-p0(active:0)# system show model
Model number: DD9900 E
dd503-p0(active:0)# alerts show current
Id      Post Time                  Severity   Class             Object                Message
-----   ------------------------   --------   ---------------   -------------------   ------------------------------------------------------------------------
m0-10   Thu Dec 28 14:59:50 2023   CRITICAL   HardwareFailure   Enclosure=3:Disk=59   EVT-STORAGE-00002: Unable to access a disk and the disk state is failed.
-----   ------------------------   --------   ---------------   -------------------   ------------------------------------------------------------------------
There is 1 active alert.
dd503-p0(active:0)# dd503-p0(active:0)# enclosure show summary
Enclosure   Model No.   Serial No.       State    OEM Name   OEM Value   Capacity
---------   ---------   --------------   ------   --------   ---------   --------
1           DD9900 E    CNWS30011F003P   Online                          4 Slots
2           DS60        28J5L83          Online                          60 Slots
3           DS60        52J5L83          Online                          60 Slots
4           DS60        42J5L83          Online                          60 Slots
5           DS60        91J5L83          Online                          60 Slots
6           FS25        1Y85L83          Online                          25 Slots
---------   ---------   --------------   ------   --------   ---------   --------
6 enclosures present.
dd503-p0(active:0)# disk show state
Enclosure        Disk
  Row(disk-id)    1  2  3  4  5  6  7  8  9  10 11 12 13 14 15 16 17 18 19 20 21 22 23 24 25
--------------   ----------------------------------------------------------------------------
1                 s  .  .  .
2                |--------|--------|--------|--------|
                 | Pack 1 | Pack 2 | Pack 3 | Pack 4 |
     E(49-60)    |.  .  . |.  .  s |.  .  s |.  .  s |
     D(37-48)    |.  .  . |.  .  . |.  .  . |.  s  . |
     C(25-36)    |.  .  . |.  .  . |.  .  . |.  .  . |
     B(13-24)    |.  .  . |.  .  . |.  .  . |.  .  . |
     A( 1-12)    |.  .  . |.  .  . |.  .  . |.  .  . |
                 |--------|--------|--------|--------|
3                |--------|--------|--------|--------|
                 | Pack 1 | Pack 2 | Pack 3 | Pack 4 |
     E(49-60)    |.  .  s |.  .  s |.  .  s |.  F  R |
     D(37-48)    |.  .  . |.  .  . |.  .  . |.  .  . |
     C(25-36)    |.  .  . |.  .  . |.  .  . |.  .  . |
     B(13-24)    |.  .  . |.  .  . |.  .  . |.  .  . |
     A( 1-12)    |.  .  . |.  .  . |.  .  . |.  .  . |
                 |--------|--------|--------|--------|
4                |--------|--------|--------|--------|
                 | Pack 1 | Pack 2 | Pack 3 | Pack 4 |
     E(49-60)    |.  .  s |-  -  - |-  -  - |-  -  - |
     D(37-48)    |.  .  . |-  -  - |-  -  - |-  -  - |
     C(25-36)    |.  .  . |-  -  - |-  -  - |-  -  - |
     B(13-24)    |.  .  . |-  -  - |-  -  - |-  -  - |
     A( 1-12)    |.  .  . |-  -  - |-  -  - |-  -  - |
                 |--------|--------|--------|--------|
5                |--------|--------|--------|--------|
                 | Pack 1 | Pack 2 | Pack 3 | Pack 4 |
     E(49-60)    |.  .  s |.  .  s |.  .  s |.  .  s |
     D(37-48)    |.  .  . |.  .  . |.  .  . |.  .  . |
     C(25-36)    |.  .  . |.  .  . |.  .  . |.  .  . |
     B(13-24)    |.  .  . |.  .  . |.  .  . |.  .  . |
     A( 1-12)    |.  .  . |.  .  . |.  .  . |.  .  . |
                 |--------|--------|--------|--------|
6                 .  .  .  .  .  .  .  .  .  .  -  -  -  -  -  -  -  -  -  -  -  -  -  -  -
--------------   ----------------------------------------------------------------------------
Legend   State                          Count
------   ----------------------------   -----
.        In Use Disks                   194
s        Spare Disks                    13
R        Spare (reconstructing) Disks   1
F        Failed Disks                   1
-        Not Installed Disks            60
------   ----------------------------   -----
Total 209 disks
Disk    Disks            Progress   Remaining
Group   Reconstructing   (%)        (minutes)
-----   --------------   --------   ---------
dg9     3.60             2          935
-----   --------------   --------   ---------
dd503-p0(active:0)# disk show hardware
Disk         Slot   Manufacturer/Model         Firmware   Serial No.       Capacity   Type
(enc/disk)
----------   ----   ------------------------   --------   --------------   --------   -------
1.1          0      SAMSUNG MZILT1T9HBJR0D3    DSA3       S5YRNA0R232376   1.7 TiB    SAS-SSD
1.2          1      SAMSUNG MZILT1T9HBJR0D3    DSA3       S5YRNA0R232173   1.7 TiB    SAS-SSD
1.3          2      SAMSUNG MZILT1T9HBJR0D3    DSA3       S5YRNA0R232475   1.7 TiB    SAS-SSD
1.4          3      SAMSUNG MZILT1T9HBJR0D3    DSA3       S5YRNA0R230763   1.7 TiB    SAS-SSD
2.1          A0     SEAGATE STCRSEI1CLAR8000   CA01       WSD1CHKV         7.2 TiB    SASe
2.2          A1     SEAGATE STCRSEI1CLAR8000   CA01       WSD1CH14         7.2 TiB    SASe
2.3          A2     SEAGATE STCRSEI1CLAR8000   CA01       WSD19BJJ         7.2 TiB    SASe
2.4          A3     SEAGATE STCRSEI1CLAR8000   CA01       WSD1CJ9X         7.2 TiB    SASe
2.5          A4     SEAGATE STCRSEI1CLAR8000   CA01       WSD1CJ1G         7.2 TiB    SASe
2.6          A5     SEAGATE STCRSEI1CLAR8000   CA01       WSD1CHAX         7.2 TiB    SASe
2.7          A6     SEAGATE STCRSEI1CLAR8000   CA01       WSD1CHDJ         7.2 TiB    SASe
2.8          A7     SEAGATE STCRSEI1CLAR8000   CA01       WSD1CJ6G         7.2 TiB    SASe
2.9          A8     SEAGATE STCRSEI1CLAR8000   CA01   
__________________________________
Полный текст обращения смотри в ""Оригинал письма.eml""",СХД,Диск,Ckm01212505743
66,[dd202.region..ru - disk 6.1 [sn: zc1bzlxg] is 4],"Коллеги, добрый день прошу открыть кейс по замене диска Enclosure=6:Disk=1
sysadmin@dd202-p1(active:0)# system show serial
Serial number: CKM00194301861
sysadmin@dd202-p1(active:0)# enclosure show summary
Enclosure   Model No.   Serial No.       State    OEM Name   OEM Value   Capacity
---------   ---------   --------------   ------   --------   ---------   --------
1           DD9800      NVT10193400046   Online                          4 Slots
2           DS60        FCNCD191700342   Online                          60 Slots
3           DS60        FCNCD191700150   Online                          60 Slots
4           DS60        FCNCD191700305   Online                          60 Slots
5           DS60        FCNCD191700419   Online                          60 Slots
6           DS60        FCNCD191500258   Online                          60 Slots
7           DS60        FCNCD191700040   Online                          60 Slots
8           ES30        CKM00194101704   Online                          15 Slots
---------   ---------   --------------   ------   --------   ---------   --------
8 enclosures present.
sysadmin@dd202-p1(active:0)# system show model
Model number: DD9800
sysadmin@dd202-p1(active:0)# alerts show current
Id       Post Time                  Severity   Class               Object                         Message
------   ------------------------   --------   -----------------   ----------------------------   ------------------------------------------------------------------------
p0-86    Fri Apr  5 06:22:28 2024   ERROR      SystemMaintenance                                  EVT-SMTOOL-00001: Error communicating with mail server.
p0-133   Fri Jul  5 20:42:39 2024   CRITICAL   HardwareFailure     Enclosure=1:DIMM=MR6 DIMM D0   EVT-DIMM-00003: A memory card has failed
m0-58    Tue Aug 27 03:40:42 2024   CRITICAL   HardwareFailure     Enclosure=6:Disk=1             EVT-STORAGE-00002: Unable to access a disk and the disk state is failed.
------   ------------------------   --------   -----------------   ----------------------------   ------------------------------------------------------------------------
There are 3 active alerts.
sysadmin@dd202-p1(active:0)# disk show state
Enclosure        Disk
  Row(disk-id)    1  2  3  4  5  6  7  8  9  10 11 12 13 14 15
--------------   ----------------------------------------------
1                 .  .  .  .
2                |--------|--------|--------|--------|
                 | Pack 1 | Pack 2 | Pack 3 | Pack 4 |
     E(49-60)    |.  s  . |.  .  . |.  .  . |.  .  s |
     D(37-48)    |.  .  . |.  .  . |.  .  . |.  .  . |
     C(25-36)    |.  .  . |.  .  . |.  .  . |.  .  . |
     B(13-24)    |.  .  . |.  .  . |.  .  s |.  .  . |
    A( 1-12)    |.  .  . |.  .  . |.  .  . |.  .  s |
                 |--------|--------|--------|--------|
3                |--------|--------|--------|--------|
                 | Pack 1 | Pack 2 | Pack 3 | Pack 4 |
     E(49-60)    |s  .  . |.  .  . |.  .  . |.  .  s |
     D(37-48)    |.  .  . |.  .  . |.  .  . |.  .  . |
     C(25-36)    |s  .  . |.  .  . |.  .  . |.  .  . |
     B(13-24)    |.  .  . |.  .  . |.  .  . |.  .  . |
     A( 1-12)    |s  .  . |.  .  . |.  .  . |.  .  . |
                 |--------|--------|--------|--------|
4                |--------|--------|--------|--------|
                 | Pack 1 | Pack 2 | Pack 3 | Pack 4 |
     E(49-60)    |.  .  s |.  .  . |s  .  s |.  .  . |
     D(37-48)    |.  .  . |.  .  . |s  .  . |.  .  . |
     C(25-36)    |.  .  . |.  .  . |.  .  . |.  .  . |
     B(13-24)    |.  .  . |.  .  . |.  .  . |.  .  . |
     A( 1-12)    |.  .  . |.  .  . |.  .  . |.  .  . |
                 |--------|--------|--------|--------|
5                |--------|--------|--------|--------|
                 | Pack 1 | Pack 2 | Pack 3 | Pack 4 |
     E(49-60)    |.  .  s |.  .  . |.  .  . |.  .  . |
     D(37-48)    |.  .  . |.  .  . |.  .  . |.  .  . |
     C(25-36)    |.  .  . |s  .  . |.  s  . |.  .  . |
     B(13-24)    |.  .  . |.  .  . |.  .  . |.  .  . |
     A( 1-12)    |.  .  . |.  .  . |.  s  . |.  .  . |
                 |--------|--------|--------|--------|
6                |--------|--------|--------|--------|
                 | Pack 1 | Pack 2 | Pack 3 | Pack 4 |
     E(49-60)    |.  .  . |.  .  . |.  .  s |.  .  s |
     D(37-48)    |.  .  . |.  .  . |.  .  . |.  .  . |
     C(25-36)    |.  .  . |.  .  . |.  s  . |.  .  . |
     B(13-24)    |.  .  . |.  .  . |.  .  . |.  .  . |
     A( 1-12)    |F  .  . |.  .  . |.  .  . |.  .  . |
                 |--------|--------|--------|--------|
7                |--------|--------|--------|--------|
                 | Pack 1 | Pack 2 | Pack 3 | Pack 4 |
     E(49-60)    |.  .  . |-  -  - |-  -  - |-  -  - |
     D(37-48)    |.  .  . |-  -  - |-  -  - |-  -  - |
     C(25-36)    |.  .  . |-  -  - |-  -  - |-  -  - |
     B(13-24)    |.  .  . |-  -  - |-  -  - |-  -  - |
     A( 1-12)    |s  .  . |-  -  - |-  -  - |-  -  - |
                 |--------|--------|--------|--------|
8                 .  .  .  .  .  .  .  .  .  .  .  .  .  .  .
--------------   ----------------------------------------------
Legend   State                 Count
------   -------------------   -----
.        In Use Disks          313
s        Spare Disks           20
F        Failed Disks          1
-        Not Installed Disks   45
------   -------------------   -----
Total 334 disks
sysadmin@dd202-p1(active:0)# disk show hardware
Disk         Slot   Manufacturer/Model                        Firmware   Serial No.                 Capacity    Type
(enc/disk)
----------   ----   ---------------------------------------   --------   ------------------------   ---------   --------
1.1          0      SHSAT6P400GLM21EMC____________118000533   FW1188     SPG1927044U                372.6 GiB   SATA-SSD
1.2          1      SHSAT6P400GLM21EMC____________1
__________________________________
Полный текст обращения смотри в ""Оригинал письма.eml""",СХД,Диск,Уточнить
67,"Ремонт ноутбука , не работает звук","Добрый день ! Сломался ноутбук, не работает динамик 
 Сила HK2-1404 SN C223012765
",Ноутбук,Материнская плата,C223012765
68,Нк2-3404 // шумит кулер // c223091813,"Звон не громкий но не комфортный для работы на новом ноутбуке, просьба заменить кулер. ServiceTag: C223091813",Ноутбук,Материнская плата,C223091813
69,Сломана клавиатура,"Клавиатура некорректно себя ведет, некоторые клавиши не работают. Не сразу печатается текст, с задержкой. Еще неисправна кнопка питания, ноутбук включается с 10 раза.
",Ноутбук,Материнская плата,Уточнить
70,Сервер ср2-5422 // зафиксированы критические значения на датчиках // d251110008,"Добрый день!_x000D_
У сервера зафикисированы критические значения на сенсорах._x000D_
Сделать выгрузку логов событий и сенсоров не предоставляется возможным (в интерфейсе не нашел такой опции)_x000D_
Версия BMC: wht-0.0-0-fb83a56 _x000D_
скриншоты во воложении.",Сервер,Материнская плата,D251110008
71,Неисправное зарядное устройство,"Добрый день,
вышло из строя зарядное устройство.
Просьба завести заявку в рамках гарантийного ремонта.
C223010566
",Ноутбук,Блок питания,C223010566
72,Hk2-1404 // не работает зарядное устройство // c223012905,"Не работает зарядное устройство._x000D_
",Ноутбук,Блок питания,C223012905
73,Сила нк2-1404 v2// не работает зарядка type-c  // c223100526,"Не работает зарядка Type-C СИЛА НК2-1404 // C223100526
От другого устройства СИЛА зарядка идет корректно.

",Ноутбук,Материнская плата,C223100526
74,Блок питания неисправен,"Добрый день.
Ноутбук сила HK2-1404 Серийный номер: С223013592
Неисправность: блок питания не подает заряд
Прошу заменить
",Ноутбук,Блок питания,C223013592
75,Hk2-1404 // не работает зарядное устройство // c223011223,"Не работает зарядное устройство_x000D_
",Ноутбук,Блок питания,C223011223
76,У пользователя сгорело зу,"Сильно нагрелось устройство зарядки, в руках держать было невозможно, отключили вилку от сети, ЗУ остало, после включения больше не работает",Ноутбук,Материнская плата,Уточнить
77,Сила hk2-1404 // не работает зарядное устройство // c223011096,"Не работает зарядное устройство.
",Ноутбук,Блок питания,C223011096
78,События bmc по питанию,"В логе BMC за последние месяцы постоянно появляются события:_x000D_
Critical	P5V_STBY_PSU sensor crossed a critical high threshold going high._x000D_
Critical	PVCCIN_CPU1 sensor crossed a critical high threshold going high._x000D_
_x000D_
Нормально ли данное поведение или требуется диагностика/замена ?",Сервер,Материнская плата,Уточнить
79,Сила нк2-1404  // не работает зарядное устройство type-c // c223101385,"Не работает зарядное устройство Type-C СИЛА НК2-1404 
Ноутбук от другого устройста заряжается корректно.

",Ноутбук,Блок питания,C223101385
80,Неисправные зарядные устройства,"Добрый день,
вышли из строя зарядные устройства.
Просьба завести заявку в рамках гарантийного ремонта.
 C223012068 C223012624
",Ноутбук,Блок питания,C223012624
81,Hk2-1404 // не работает зарядное устройство // c223010693,"Не работает зарядное устройство._x000D_
",Ноутбук,Блок питания,C223010693
82,Сила нк2-1404//  не включается // c222090783,"Будьте добры сообщить адрес сервисного центра в г.Липецке
",Ноутбук,Материнская плата,C222090783
83,Сила hk2-1404 // неисправность зарядного устройства ноутбука сила // c223012673,"Добрый день!
В процессе эксплуатации у пользователя перестало работать зарядное устройство, оба порта type-c ноутбука корректно функционируют, визуально нет следов повреждения, c другими зарядными устройствами ноутбук корректно заряжается. Прошу заменить. Спасибо!
",Ноутбук,Блок питания,C223012673
84,Сила hk2-1404 // неисправность зарядного устройства ноутбука сила // c223012788,"Добрый день!_x000D_
В процессе эксплуатации у пользователя перестало работать зарядное устройство, оба порта type-c ноутбука корректно функционируют, визуально нет следов повреждения, c другими зарядными устройствами ноутбук корректно заряжается. Прошу заменить. Спасибо!_x000D_
",Ноутбук,Блок питания,C223012788
85,Hk2-1404 // неисправность зарядного устройства ноутбука сила // c223011406,"Добрый день. _x000D_
В процессе эксплуатации у пользователя перестало работать зарядное устройство, оба порта type-c ноутбука корректно функционируют, визуально нет следов повреждения, c другими зарядными устройствами ноутбук корректно заряжается. Прошу заменить. Спасибо!",Ноутбук,Блок питания,C223011406
86,Вышло из строя зарядное устройство  на ноутбуке сила нк2-1404  sn:  c223101281,Вышло из строя зарядное устройство  на ноутбуке Сила НК2-1404  SN:  C223101281. ,Ноутбук,Блок питания,C223101281
87,Не работает зарядка type-c сила нк2-1404 // c223100882,"Не работает зарядка Type-C СИЛА НК2-1404 // C223100882_x000D_
От другого устройства зарядка идет корректно._x000D_
_x000D_
",Ноутбук,Материнская плата,C223100882
88,Обращение с сайта,"
Описание неисправности: вышел из строя блок питания",Ноутбук,Материнская плата,Уточнить
89,Сила нк2-1404 // сильный износ батареи // c223011773,"Ноутбук без зарядного устройства практически сразу выключается. Не заряжается больше 1%
",Ноутбук,Блок питания,C223011773
