index,Тема,Тип оборудования,Точка отказа,Серийный номер
0,Не работает блок питания,Ноутбук,Блок питания,C223100360
10,Ноутбук сила нк2-1404 v2  sn: c223100312 не работает сетевой адаптер.,Ноутбук,Материнская плата,C223100312
23,Не работает ноутбук,Ноутбук,Материнская плата,C223013256
24,Гарантийный ремонт 2-х ноутбуков сила,Ноутбук,Вентилятор,C223091504
32,Неисправность сервера сила // 46915,Сервер,Сервер,D252030010
34,Сервер ср2-5422 // после обновления bios и bmc появились ошибки системных кулеров // d251110015,Сервер,Программное обеспечение,D251110015
47,"Сила нк2-1404 // рябь, мерцание //c223014073",Ноутбук,Матрица,C223014954
54,"10552. сила hk-1404 // замена блоков питания // c223010423, c223011174",Ноутбук,Блок питания,C223011174
56,Сила hk2-1404 // неисправность зарядного устройства ноутбука сила // c223011355,Ноутбук,Блок питания,C223011355
57,Ноутбук сила hk1-1425/i5-1135g7/2*8g/m.2 256g/b3y/ инв. № 525325/ с111080029,Ноутбук,Материнская плата,C111080029
73,Проблема с серийным номером сила,Ноутбук,Материнская плата,C2223012272
74,Нк2-1404 // залит водой // c223011324,Ноутбук,Материнская плата,C223011324
78,Неисправность сервера сила//46925,Сервер,Материнская плата,D252030034
83,Ошибка диска enclosure=3:disk=5 на datadomain,Сервер,Диск,Уточнить
95,Hа: ноутбук сила ооо газпром бурение,Ноутбук,Диск,C222091115
96,Сила hk2  c223012606 c223012600 c223012675 c223011979 c223012790 абгрейд антенн,Ноутбук,Wi-fi модуль,C223011888
97,Ноутбук не включается,Ноутбук,Материнская плата,Уточнить
100,Неисправность ноутбука сила,Ноутбук,Матрица,Уточнить
104,Мерцает матрица ноутбука,Ноутбук,Матрица,Уточнить
105,Hk2-1404 // не работает зарядное устройство // c223101193,Ноутбук,Блок питания,C223101193
108,Сила hk2-1404// не работает зарядное устройство// c223100876,Ноутбук,Блок питания,C223100876
113,Полосы на экране и отклеились ножки,Ноутбук,Матрица,Уточнить
134,Просьба открыть заявку по неисправному диску:  dd401..ru - disk 3.23 sn: zc1byz1x,СХД,Диск,Ckm00194101709
138,Сила hk2-1404 // краш ssd  // c223012059,Ноутбук,Wi-fi модуль,C223012059
145,Сила hk2-1404 // неисправность зарядного устройства ноутбука сила // c223011958,Ноутбук,Блок питания,C223011958
155,"Сила сх2-4115-12; сила cx2-4016-25; сила сх2-4066-36  //  обновить по до последней версии // e244030001, e244030002, e244030003",Ноутбук,Материнская плата,E244030003
162,Нк2-1404 v2 // не работает зарядное устройство // c223100822,Ноутбук,Блок питания,C223100822
189,Нк2-1404 // не работает wi-fi (кашира)// c223101219,Ноутбук,Материнская плата,C223101219
193,Обновление bios и bmc cube,Ноутбук,Материнская плата,Уточнить
