index,Тема,Описание,Тип оборудования,Точка отказа,Серийный номер
23,Не работает ноутбук,"Добрый день!
Ноутбук C223013256 перестал корректно включаться.
После нажатия на кнопку включения загорается индикатор, но кулер не крутится, изображение не появляется.
Прошу помощи в диагностике неисправности, сброс по питанию проблему не решает.
",СХД,Диск,C223013256
34,Сервер ср2-5422 // после обновления bios и bmc появились ошибки системных кулеров // d251110015,"Добрый день!_x000D_
После обновления bios и bmc появились ошибки связанные с системными кулерами (скриншот и выгрузка логов во вложении)._x000D_
System_Fan_1 sensor crossed a critical low threshold going low. Reading=0.000000 Threshold=100.000000 ._x000D_
System_Fan_2 sensor crossed a critical low threshold going low. Reading=0.000000 Threshold=100.000000 ._x000D_
System_Fan_3 sensor crossed a critical low threshold going low. Reading=0.000000 Threshold=100.000000 ._x000D_
Сброс логов с последующей перезагрузкой bmc не помогли.",СХД,Диск,D251110015
83,Ошибка диска enclosure=3:disk=5 на datadomain,"Коллеги, добрый день._x000D_
Прошу открыть кейс по неисправному диску на оборудовании DataDomain_x000D_
sysadmin@dd501-p1(active:1)# alert show current_x000D_
Id      Post Time                  Severity   Class             Object                Message_x000D_
-----   ------------------------   --------   ---------------   -------------------   ------------------------------------------------------------------------_x000D_
m0-37   Tue Jul 16 21:15:42 2024   CRITICAL   HardwareFailure   Enclosure=3:Disk=57   EVT-STORAGE-00002: Unable to access a disk and the disk state is failed._x000D_
-----   ------------------------   --------   ---------------   -------------------   ------------------------------------------------------------------------_x000D_
There is 1 active alert._x000D_
",СХД,Диск,Уточнить
